iri,country,note
Austria-Hungary,Austria,historic
Austrian_Empire,Austria,historic
Habsburg_Monarchy,Austria,historic
Archduchy_of_Austria,Austria,historic
First_Austrian_Republic,Austria,historic
Austrians,Austria,demonym
Kingdom_of_Belgium,Belgium,alias
Southern_Netherlands,Belgium,historic
Austrian_Netherlands,Belgium,historic
Belgians,Belgium,demonym
Denmark–Norway,Denmark,historic
Kingdom_of_Denmark,Denmark,alias
Danish_Realm,Denmark,alias
Danes,Denmark,demonym
Grand_Duchy_of_Finland,Finland,historic
Finns,Finland,demonym
Kingdom_of_France,France,historic
French_First_Republic,France,historic
First_French_Empire,France,historic
Second_French_Empire,France,historic
French_Third_Republic,France,historic
French_Fourth_Republic,France,historic
French_Fifth_Republic,France,alias
Vichy_France,France,historic
French_people,France,demonym
West_Germany,Germany,historic
East_Germany,Germany,historic
German_Empire,Germany,historic
Weimar_Republic,Germany,historic
Nazi_Germany,Germany,historic
Kingdom_of_Prussia,Germany,historic
Prussia,Germany,historic
Kingdom_of_Bavaria,Germany,historic
Kingdom_of_Saxony,Germany,historic
Kingdom_of_Württemberg,Germany,historic
Holy_Roman_Empire,Germany,historic
North_German_Confederation,Germany,historic
German_Confederation,Germany,historic
Germans,Germany,demonym
Kingdom_of_Iceland,Iceland,historic
Icelanders,Iceland,demonym
Ireland,Republic_of_Ireland,island_alias
Irish_Free_State,Republic_of_Ireland,historic
Kingdom_of_Ireland,Republic_of_Ireland,historic
Irish_people,Republic_of_Ireland,demonym
Kingdom_of_Italy,Italy,historic
Kingdom_of_Sardinia,Italy,historic
Republic_of_Venice,Italy,historic
Papal_States,Italy,historic
Kingdom_of_the_Two_Sicilies,Italy,historic
Grand_Duchy_of_Tuscany,Italy,historic
Duchy_of_Milan,Italy,historic
Republic_of_Florence,Italy,historic
Republic_of_Genoa,Italy,historic
Kingdom_of_Naples,Italy,historic
Italians,Italy,demonym
Luxembourgers,Luxembourg,demonym
Monégasque_people,Monaco,demonym
Dutch_Republic,Netherlands,historic
Kingdom_of_Holland,Netherlands,historic
Batavian_Republic,Netherlands,historic
Kingdom_of_the_Netherlands,Netherlands,alias
Seventeen_Provinces,Netherlands,historic
Habsburg_Netherlands,Netherlands,historic
Dutch_people,Netherlands,demonym
Kingdom_of_Norway,Norway,alias
Norwegians,Norway,demonym
Kingdom_of_Portugal,Portugal,historic
Portuguese_Empire,Portugal,historic
Portuguese_people,Portugal,demonym
Crown_of_Castile,Spain,historic
Crown_of_Aragon,Spain,historic
Spanish_Empire,Spain,historic
Kingdom_of_Spain,Spain,alias
Francoist_Spain,Spain,historic
Second_Spanish_Republic,Spain,historic
Spaniards,Spain,demonym
Swedish_Empire,Sweden,historic
Sweden–Norway,Sweden,historic
Swedes,Sweden,demonym
Old_Swiss_Confederacy,Switzerland,historic
Helvetic_Republic,Switzerland,historic
Swiss_people,Switzerland,demonym
Kingdom_of_England,United_Kingdom,historic
Kingdom_of_Great_Britain,United_Kingdom,historic
Kingdom_of_Scotland,United_Kingdom,historic
United_Kingdom_of_Great_Britain_and_Ireland,United_Kingdom,historic
British_Empire,United_Kingdom,historic
England,United_Kingdom,constituent
Scotland,United_Kingdom,constituent
Wales,United_Kingdom,constituent
Northern_Ireland,United_Kingdom,constituent
Great_Britain,United_Kingdom,alias
English_people,United_Kingdom,demonym
British_people,United_Kingdom,demonym
Scottish_people,United_Kingdom,demonym
Welsh_people,United_Kingdom,demonym
United_States_of_America,United_States,alias
Thirteen_Colonies,United_States,historic
Confederate_States_of_America,United_States,historic
Americans,United_States,demonym
